product_id,metric_date,total_users,active_users,transaction_count,transaction_value,revenue,failed_transactions,complaints,downtime_minutes,fraud_incidents
AGENT_BANKING,2026-02-24,59952,30089,312425,796753774.02,8651588.64,14200,284,57.5,1697
ATM_NETWORK,2026-02-24,150319,79491,839336,2668465675.68,65218813.67,28652,682,44.2,1780
CORPORATE_PORTAL,2026-02-24,12139,6544,36481,110733099.23,2264617.89,1220,38,27.6,74
INTERNET_BANKING,2026-02-24,85733,59978,453283,1809649857.34,32122512.69,7513,565,26.1,567
MOBILE_BANKING,2026-02-24,121072,87725,680122,2577621488.78,31296043.37,6713,318,0.9,533
POS_TERMINALS,2026-02-24,39732,7452,88094,199637219.68,1606428.98,14392,382,290.6,1204
USSD_SERVICE,2026-02-24,202141,125379,670069,1010427379.2,10208940.56,8054,753,7.2,1098
WALLET_APP,2026-02-24,96709,86157,922174,294171749.94,6949738.2,5196,132,12.2,140
AGENT_BANKING,2026-02-25,60034,20279,83656,225305476.5,5263285.2,2915,231,49.5,214
ATM_NETWORK,2026-02-25,151319,59759,679873,2148831889.98,26709812.19,42874,1146,43.0,4801
CORPORATE_PORTAL,2026-02-25,12294,8005,43629,127284343.57,1612823.95,1160,79,6.3,108
INTERNET_BANKING,2026-02-25,86529,59531,217965,168105007.84,3325963.4,7553,459,40.3,221
MOBILE_BANKING,2026-02-25,123834,102442,925170,2549256707.75,56943815.5,6783,151,0.5,649
POS_TERMINALS,2026-02-25,39227,8697,68290,218560845.29,5386802.08,4956,367,246.2,1021
USSD_SERVICE,2026-02-25,202920,130151,1115269,2437271127.3,45668690.03,35415,1019,9.5,1546
WALLET_APP,2026-02-25,97546,78058,365219,938807912.15,7740353.89,1816,200,0.7,163
AGENT_BANKING,2026-02-26,60204,23043,270651,391715238.74,7049869.27,8930,279,68.1,1607
ATM_NETWORK,2026-02-26,151354,79476,439552,283253826.85,6570695.34,34898,1401,50.5,2920
CORPORATE_PORTAL,2026-02-26,12359,7362,37141,135229213.66,2379025.4,1029,50,9.4,47
INTERNET_BANKING,2026-02-26,86910,48429,270833,1025820074.68,9986297.68,8773,515,28.0,806
MOBILE_BANKING,2026-02-26,126916,103936,450308,109754422.61,2286038.21,3935,320,2.2,331
POS_TERMINALS,2026-02-26,38697,10474,103198,281056224.59,6747226.24,12831,251,178.9,382
USSD_SERVICE,2026-02-26,203880,128514,1308468,4185704849.53,95106509.83,37318,677,17.0,2122
WALLET_APP,2026-02-26,98641,76000,773088,406924851.44,4746561.15,5256,121,0.0,732
AGENT_BANKING,2026-02-27,60312,31087,105223,192379540.47,2890926.56,5864,568,79.6,434
ATM_NETWORK,2026-02-27,151267,71988,739086,222781218.85,3618329.05,57405,1313,100.5,5314
CORPORATE_PORTAL,2026-02-27,12429,6255,52953,164530526.11,3080126.57,1400,62,14.1,144
INTERNET_BANKING,2026-02-27,88059,57112,247874,786079026.41,16540843.47,7633,528,5.7,134
MOBILE_BANKING,2026-02-27,129382,96352,434662,225872406.53,3507939.82,4874,383,7.7,369
POS_TERMINALS,2026-02-27,37991,7398,79072,257155782.08,3024946.16,5811,118,169.2,643
USSD_SERVICE,2026-02-27,205615,142432,1519662,2150012887.03,53331234.09,54522,1382,28.3,3057
WALLET_APP,2026-02-27,99611,79346,427647,1687168733.57,41945365.76,2202,80,3.2,118
AGENT_BANKING,2026-02-28,60209,20583,178257,567977783.72,7044575.42,10862,386,113.3,862
ATM_NETWORK,2026-02-28,151378,57718,399983,867418009.25,7847169.39,29907,1383,98.7,2669
CORPORATE_PORTAL,2026-02-28,12507,7703,61553,89349715.82,734044.12,1626,53,38.1,45
INTERNET_BANKING,2026-02-28,88956,53609,383547,91552154.49,1123385.05,7437,356,42.3,999
MOBILE_BANKING,2026-02-28,130880,104151,542454,1052438029.38,10740238.9,6614,142,4.0,220
POS_TERMINALS,2026-02-28,37335,7865,48076,109175907.05,2582334.51,3946,422,94.0,185
USSD_SERVICE,2026-02-28,206155,127583,969306,734214592.37,6460606.18,28968,761,19.1,1111
WALLET_APP,2026-02-28,100602,71325,616443,1738615312.21,21258961.49,5129,236,0.0,610
AGENT_BANKING,2026-03-01,60731,26353,237097,818241215.65,13221735.19,9338,495,41.2,816
ATM_NETWORK,2026-03-01,152120,58160,561306,2124039368.43,40308588.65,42753,674,52.1,1822
CORPORATE_PORTAL,2026-03-01,12630,7246,69905,63052206.12,1415706.91,1317,76,6.1,48
INTERNET_BANKING,2026-03-01,89922,52500,268495,298622578.55,7080177.25,6200,448,16.0,361
MOBILE_BANKING,2026-03-01,133895,110874,431601,1732708006.07,23022321.95,680,551,12.4,423
POS_TERMINALS,2026-03-01,36671,5952,25484,105845485.34,1645109.16,1619,111,256.9,291
USSD_SERVICE,2026-03-01,207434,125258,358638,1179214490.25,19720706.29,13369,553,32.0,831
WALLET_APP,2026-03-01,101622,81844,430677,1607701139.39,28218021.0,798,257,8.6,236
AGENT_BANKING,2026-03-02,60784,30914,366862,228669513.74,3639785.62,22785,662,49.6,2796
ATM_NETWORK,2026-03-02,153556,70330,405057,1208331289.2,26367930.14,19741,1320,95.1,1262
CORPORATE_PORTAL,2026-03-02,12801,9100,33502,100309436.47,1405962.3,798,34,26.7,68
INTERNET_BANKING,2026-03-02,90566,49780,322023,444356366.39,8992309.8,6877,322,23.7,347
MOBILE_BANKING,2026-03-02,136557,122727,1011259,2378331162.31,46925397.94,5257,341,14.1,413
POS_TERMINALS,2026-03-02,36210,5184,35619,136291284.56,2320339.27,5800,132,171.5,448
USSD_SERVICE,2026-03-02,208570,114885,1209642,4870710400.41,109721289.74,28268,586,11.4,1163
WALLET_APP,2026-03-02,102196,89516,888258,3783816750.12,66018244.14,2313,406,6.6,729
AGENT_BANKING,2026-03-03,60990,30567,197636,191632756.44,3983064.84,10960,317,30.2,318
ATM_NETWORK,2026-03-03,154799,60059,680436,268620665.24,5008817.87,42790,603,119.5,1233
CORPORATE_PORTAL,2026-03-03,12981,6931,45298,54395442.22,1087364.86,1432,29,38.5,70
INTERNET_BANKING,2026-03-03,91030,57274,336326,700726864.99,6490649.99,10237,584,24.9,481
MOBILE_BANKING,2026-03-03,139086,104727,934188,3626422748.05,72446481.39,4280,331,14.2,109
POS_TERMINALS,2026-03-03,35491,4929,16059,36744952.57,380221.91,1690,108,248.8,141
USSD_SERVICE,2026-03-03,210268,149787,1246656,1347132117.0,24700254.1,16135,1566,44.5,2846
WALLET_APP,2026-03-03,104421,93225,649007,1061577743.49,21820705.26,7726,384,3.1,483
AGENT_BANKING,2026-03-04,61363,20847,117501,213481233.74,2412659.47,8971,170,86.6,792
ATM_NETWORK,2026-03-04,154652,59875,616505,509693895.29,12510702.72,23434,1192,95.8,3846
CORPORATE_PORTAL,2026-03-04,13017,8631,50089,135178248.63,2617179.0,1408,49,33.2,58
INTERNET_BANKING,2026-03-04,92203,49688,347436,483182427.16,4999137.52,4204,221,37.8,924
MOBILE_BANKING,2026-03-04,142295,115618,337034,1299907628.09,10550071.34,4180,569,13.5,155
POS_TERMINALS,2026-03-04,34939,12023,101065,283760409.83,3147045.09,12068,339,67.8,1001
USSD_SERVICE,2026-03-04,211253,143450,912776,2809126612.7,31156041.47,20906,678,20.7,2348
WALLET_APP,2026-03-04,105160,92712,903851,2699258601.8,54492230.15,7980,282,3.1,291
AGENT_BANKING,2026-03-05,61074,22715,136310,400430797.58,8742798.79,9278,491,37.0,519
ATM_NETWORK,2026-03-05,155681,72118,805284,174141485.1,3826583.96,45322,1011,114.1,3949
CORPORATE_PORTAL,2026-03-05,13030,8155,43305,15612089.7,341778.67,931,67,32.4,54
INTERNET_BANKING,2026-03-05,92745,47481,437369,281831959.88,6217320.25,12457,396,36.7,336
MOBILE_BANKING,2026-03-05,144589,119185,1103866,3324584374.16,65096259.41,2934,169,0.7,577
POS_TERMINALS,2026-03-05,34734,7137,77992,290984174.8,6015064.38,12862,377,70.9,458
USSD_SERVICE,2026-03-05,211869,149669,948014,1969437852.47,48066742.66,19975,713,28.7,1022
WALLET_APP,2026-03-05,106377,85374,485373,2467853791.78,22015658.06,1245,163,11.8,450
AGENT_BANKING,2026-03-06,61509,24399,179430,595947050.66,7718677.08,10479,539,40.2,808
ATM_NETWORK,2026-03-06,155647,82877,689481,1975892674.56,38710340.9,28863,1908,39.1,4425
CORPORATE_PORTAL,2026-03-06,13220,7107,44950,8531924.13,98145.17,1157,69,33.8,38
INTERNET_BANKING,2026-03-06,92954,53256,422576,538126663.99,6650437.85,16390,310,23.9,334
MOBILE_BANKING,2026-03-06,146221,122464,676746,2168891685.72,22164872.88,7948,202,11.7,627
POS_TERMINALS,2026-03-06,34256,10344,106179,115654122.63,1459464.47,17077,427,241.3,425
USSD_SERVICE,2026-03-06,214990,140121,943367,828358932.57,10743894.08,23653,964,16.5,737
WALLET_APP,2026-03-06,108932,93371,377450,1348746328.74,11996242.06,1358,416,10.1,99
AGENT_BANKING,2026-03-07,61237,27311,105869,89558773.41,1878839.76,4020,638,95.6,521
ATM_NETWORK,2026-03-07,155616,53380,332470,1362113062.63,12782263.58,21106,1098,52.4,2643
CORPORATE_PORTAL,2026-03-07,13372,8590,58299,289875567.96,2579691.79,1048,39,28.8,98
INTERNET_BANKING,2026-03-07,93590,58438,329983,733593689.9,14669826.79,7756,628,20.0,911
MOBILE_BANKING,2026-03-07,149308,110063,460034,1114711809.87,13787321.27,5969,303,14.5,368
POS_TERMINALS,2026-03-07,33637,6922,33646,68393143.61,1659820.63,2229,317,168.9,500
USSD_SERVICE,2026-03-07,216394,119874,537450,1636302452.59,40606201.92,18973,425,24.5,1245
WALLET_APP,2026-03-07,109736,91169,550880,1105478682.64,21053010.12,1397,259,0.2,110
AGENT_BANKING,2026-03-08,61164,28297,186847,850125558.24,11200631.8,14006,481,116.1,530
ATM_NETWORK,2026-03-08,155845,73183,500196,1901382745.31,26558386.97,33093,997,66.7,3858
CORPORATE_PORTAL,2026-03-08,13535,9454,75810,251722277.2,5632101.09,2972,59,44.6,79
INTERNET_BANKING,2026-03-08,94192,56670,242525,129732408.98,1177153.83,3647,555,30.4,617
MOBILE_BANKING,2026-03-08,152521,129907,439584,320303354.26,5931529.1,2165,281,13.5,292
POS_TERMINALS,2026-03-08,33453,8216,51027,127773137.7,1570998.7,3906,318,239.4,753
USSD_SERVICE,2026-03-08,219024,147574,573191,2380912360.97,21477268.78,8257,520,19.4,982
WALLET_APP,2026-03-08,111720,98444,845908,2895697921.6,48117044.29,8559,132,3.5,595
AGENT_BANKING,2026-03-09,61234,29281,348034,545922650.64,13590214.59,20018,576,103.9,1670
ATM_NETWORK,2026-03-09,157060,58564,270584,1103471130.9,22562067.99,10316,919,31.9,1792
CORPORATE_PORTAL,2026-03-09,13732,9438,33440,148052474.07,2814706.71,501,103,14.7,39
INTERNET_BANKING,2026-03-09,95444,48118,492995,1230268634.72,16126122.91,12302,555,14.2,600
MOBILE_BANKING,2026-03-09,154359,125701,544927,1139644372.47,25303981.95,7480,547,13.0,500
POS_TERMINALS,2026-03-09,33245,11013,103189,306205974.55,6036898.99,8057,617,97.8,1306
USSD_SERVICE,2026-03-09,221711,155278,1448262,2568173603.28,48899024.23,43404,1097,34.5,856
WALLET_APP,2026-03-09,113165,85022,815109,702246847.52,14526675.24,9667,292,0.9,553
AGENT_BANKING,2026-03-10,61429,21304,190855,318979367.41,7344407.21,13687,509,108.3,1435
ATM_NETWORK,2026-03-10,156998,74078,212327,125348871.86,2010171.03,8044,1355,59.3,749
CORPORATE_PORTAL,2026-03-10,13928,8390,27760,102089858.45,1624172.62,933,40,11.3,73
INTERNET_BANKING,2026-03-10,96451,51788,535139,2023486437.29,41696180.74,13847,467,9.2,583
MOBILE_BANKING,2026-03-10,157785,136386,1047158,2253349925.36,45228228.75,1768,304,4.4,723
POS_TERMINALS,2026-03-10,32943,5781,51253,52985341.65,1127304.35,4509,318,120.8,520
USSD_SERVICE,2026-03-10,224472,115763,1209094,5698727785.61,132361429.94,24128,607,38.2,2463
WALLET_APP,2026-03-10,115745,94998,1122947,3035429475.84,25243968.61,16461,118,10.7,232
AGENT_BANKING,2026-03-11,61207,21464,138710,133420526.09,2333132.5,7341,442,58.5,624
ATM_NETWORK,2026-03-11,158215,80280,237105,654415402.47,10703209.18,16120,1331,23.3,658
CORPORATE_PORTAL,2026-03-11,13966,7074,26584,58264927.4,554468.64,944,56,16.5,15
INTERNET_BANKING,2026-03-11,96585,57871,351858,963522732.9,22192635.64,6382,594,28.2,442
MOBILE_BANKING,2026-03-11,160527,137363,1129189,2659536141.86,34693011.6,10049,331,8.6,590
POS_TERMINALS,2026-03-11,32408,4545,28779,135310369.57,1470516.0,4887,244,127.3,139
USSD_SERVICE,2026-03-11,225847,122511,821321,986792453.77,9884007.93,23119,1097,44.5,2384
WALLET_APP,2026-03-11,116843,91991,356607,1157954486.93,19587992.05,3481,224,1.1,245
AGENT_BANKING,2026-03-12,61763,33844,118989,500672929.94,7615767.37,9276,574,81.5,899
ATM_NETWORK,2026-03-12,157971,65470,718701,1983224358.94,24826679.34,49300,1390,68.2,751
CORPORATE_PORTAL,2026-03-12,14090,8414,41676,177849638.56,2090921.84,1275,37,29.6,57
INTERNET_BANKING,2026-03-12,97857,63637,296960,311029348.12,4380525.47,3200,242,18.2,606
MOBILE_BANKING,2026-03-12,164228,144170,838235,428603134.09,5088454.21,4281,195,3.2,720
POS_TERMINALS,2026-03-12,31813,8165,55324,80365611.21,772926.37,6494,320,137.1,336
USSD_SERVICE,2026-03-12,228444,142536,827699,1531884309.32,19074307.19,21130,568,29.8,845
WALLET_APP,2026-03-12,119661,107519,390925,516349178.39,7153071.38,656,222,5.7,243
AGENT_BANKING,2026-03-13,61463,29578,339794,987721223.58,14864407.81,22137,393,37.8,2099
ATM_NETWORK,2026-03-13,158853,75431,206065,806609516.08,13958619.12,15841,1389,117.5,267
CORPORATE_PORTAL,2026-03-13,14187,8450,63409,131626536.37,2020591.49,2482,98,19.7,40
INTERNET_BANKING,2026-03-13,98331,59005,690018,860606939.42,16518819.4,26132,289,16.8,753
MOBILE_BANKING,2026-03-13,165807,147310,610732,2496094381.91,26173625.73,2992,535,6.2,530
POS_TERMINALS,2026-03-13,31606,7385,77425,258275730.85,3542584.81,7065,248,274.8,1014
USSD_SERVICE,2026-03-13,229303,130226,1511296,2425243285.08,51998665.55,46516,1546,36.2,2238
WALLET_APP,2026-03-13,120835,85561,623983,390140245.41,3663885.48,7519,342,12.2,441
AGENT_BANKING,2026-03-14,61339,30156,261082,1274141796.72,29116355.67,20227,623,108.3,1084
ATM_NETWORK,2026-03-14,160159,66968,282969,983130957.63,20347437.45,19560,1587,69.4,1708
CORPORATE_PORTAL,2026-03-14,14290,8126,33920,138309243.78,1526764.07,957,94,26.2,84
INTERNET_BANKING,2026-03-14,98576,54446,463512,2222537842.21,53363991.42,4784,449,25.6,752
MOBILE_BANKING,2026-03-14,169231,122846,859461,4022790090.09,44866934.52,4622,224,8.9,157
POS_TERMINALS,2026-03-14,31332,5023,43712,50745173.34,768764.47,5245,179,120.6,514
USSD_SERVICE,2026-03-14,230596,155567,800458,1780532351.02,15083522.45,22085,1580,18.3,704
WALLET_APP,2026-03-14,121520,89809,610985,911519323.81,15554026.23,3316,202,9.9,321
AGENT_BANKING,2026-03-15,61429,25856,272228,923157528.11,17065970.86,13381,265,96.8,1702
ATM_NETWORK,2026-03-15,159586,83212,853358,718497991.31,11287475.7,63718,804,69.1,1980
CORPORATE_PORTAL,2026-03-15,14338,7606,66856,43288402.32,773292.38,1208,52,25.3,59
INTERNET_BANKING,2026-03-15,99457,68171,384577,1314001554.25,30688334.41,11343,480,41.8,1001
MOBILE_BANKING,2026-03-15,171501,128977,885524,1556848945.99,20917220.58,1704,408,13.9,561
POS_TERMINALS,2026-03-15,30929,7499,46834,63676354.88,1357472.47,2972,224,260.3,469
USSD_SERVICE,2026-03-15,232044,118285,316485,891513108.06,21441968.84,8981,732,10.0,600
WALLET_APP,2026-03-15,123214,108912,931540,1098782590.76,14790946.49,11861,334,12.9,595
AGENT_BANKING,2026-03-16,61692,20312,218484,531567749.07,5249779.19,12030,235,101.8,1555
ATM_NETWORK,2026-03-16,159531,84535,967899,1906518560.31,25379325.2,48997,1220,60.2,1098
CORPORATE_PORTAL,2026-03-16,14501,9783,43394,57871145.03,1327685.23,1674,97,9.7,110
INTERNET_BANKING,2026-03-16,100455,70129,744100,801722060.53,10592276.32,20711,541,31.3,494
MOBILE_BANKING,2026-03-16,174445,140778,1275488,1130252572.99,20189147.96,7210,446,3.9,335
POS_TERMINALS,2026-03-16,30662,4596,18824,33934609.66,491144.85,1243,141,245.1,160
USSD_SERVICE,2026-03-16,234803,120491,382966,1708168401.61,25955838.47,10556,927,11.7,942
WALLET_APP,2026-03-16,124205,94603,503806,889760303.82,11063615.96,4186,266,9.7,362
AGENT_BANKING,2026-03-17,61488,33768,261001,836684090.62,11996074.99,11750,828,45.1,448
ATM_NETWORK,2026-03-17,160690,72793,379161,898455424.02,9412837.95,17602,864,83.7,1207
CORPORATE_PORTAL,2026-03-17,14708,9432,63512,144620458.62,3107267.82,1782,112,27.9,180
INTERNET_BANKING,2026-03-17,100990,61400,198305,800521253.82,10768743.05,2469,446,30.8,434
MOBILE_BANKING,2026-03-17,178776,160841,772593,2241061621.52,30124228.36,4275,789,14.7,680
POS_TERMINALS,2026-03-17,30459,3622,42856,88321539.42,2001943.99,3340,146,143.3,468
USSD_SERVICE,2026-03-17,235505,134518,618343,133029788.3,3158825.89,13173,713,41.4,1147
WALLET_APP,2026-03-17,126242,88788,1004594,690317848.02,6680590.55,5331,116,1.1,578
AGENT_BANKING,2026-03-18,61540,19037,146592,160390775.78,3587042.83,8549,241,45.7,928
ATM_NETWORK,2026-03-18,161434,79782,202594,513476137.92,10005259.96,6686,1423,72.3,597
CORPORATE_PORTAL,2026-03-18,14887,10045,71549,163659144.79,2068834.87,1475,110,18.5,79
INTERNET_BANKING,2026-03-18,101386,52266,429314,447279684.96,4126241.53,11923,235,29.9,794
MOBILE_BANKING,2026-03-18,182109,133810,970526,1464547660.97,22245276.96,3664,349,4.8,814
POS_TERMINALS,2026-03-18,30036,7413,33792,23867630.94,515866.36,3677,376,127.7,186
USSD_SERVICE,2026-03-18,237439,133480,895267,3286163552.31,57282259.64,21137,504,30.1,2056
WALLET_APP,2026-03-18,128858,102325,514365,1026009051.53,11085126.18,7539,499,1.8,57
AGENT_BANKING,2026-03-19,61964,23338,189447,651885979.05,11574627.9,14417,536,43.4,868
ATM_NETWORK,2026-03-19,162353,65957,611330,1349566265.64,15948504.38,21691,610,54.1,3672
CORPORATE_PORTAL,2026-03-19,14902,9083,63658,58745516.65,677128.08,784,74,26.9,173
INTERNET_BANKING,2026-03-19,102565,58109,310424,285493148.92,6156931.81,11418,662,40.1,387
MOBILE_BANKING,2026-03-19,183410,155944,1287571,3707415405.49,76488855.65,2175,276,2.5,551
POS_TERMINALS,2026-03-19,29719,9648,103332,115068113.13,1907309.58,17002,272,171.7,648
USSD_SERVICE,2026-03-19,237942,135292,1578989,3759057743.68,84106781.46,55831,721,21.6,2350
WALLET_APP,2026-03-19,130304,99608,597212,1855659603.19,29334566.72,1126,158,2.7,63
AGENT_BANKING,2026-03-20,62192,26629,318684,1125109905.71,11309511.84,10131,217,58.2,1439
ATM_NETWORK,2026-03-20,163082,80121,650334,712667411.22,12816480.44,30089,1302,94.0,4945
CORPORATE_PORTAL,2026-03-20,15047,10792,129371,209118559.86,2222986.43,2137,44,29.8,281
INTERNET_BANKING,2026-03-20,103593,74398,659185,1705266248.01,41197217.32,11165,513,39.1,731
MOBILE_BANKING,2026-03-20,187885,154144,1797943,1313984842.35,19301009.16,5526,191,6.4,601
POS_TERMINALS,2026-03-20,29439,5685,18706,59853444.8,662317.37,1671,290,257.0,177
USSD_SERVICE,2026-03-20,241137,122408,668918,2214288430.16,19170255.3,9542,997,35.8,1171
WALLET_APP,2026-03-20,132331,102269,741894,516610088.32,4551507.73,7853,342,12.3,288
AGENT_BANKING,2026-03-21,62427,31448,362983,642106043.9,10976776.18,12843,741,24.8,825
ATM_NETWORK,2026-03-21,163196,52263,534891,2378606270.81,21019341.44,42162,998,86.7,4056
CORPORATE_PORTAL,2026-03-21,15086,9828,57806,81235140.95,1990548.36,1721,70,21.5,120
INTERNET_BANKING,2026-03-21,104862,58099,167605,717518773.77,17557269.16,5504,607,17.9,159
MOBILE_BANKING,2026-03-21,191789,156841,403360,1115279532.79,17352109.84,3087,493,7.6,146
POS_TERMINALS,2026-03-21,28858,10044,99951,66108122.72,1270674.84,11064,279,112.7,825
USSD_SERVICE,2026-03-21,243146,155600,554601,786821815.06,7988732.24,8227,818,19.8,605
WALLET_APP,2026-03-21,133278,95966,392157,598521758.28,8097961.63,4403,299,7.4,94
AGENT_BANKING,2026-03-22,62665,31627,113672,191722869.3,2221829.91,7381,270,54.3,504
ATM_NETWORK,2026-03-22,164263,77442,194526,663452117.75,14788242.53,6923,1876,101.8,438
CORPORATE_PORTAL,2026-03-22,15115,7906,62367,82625958.5,1226674.78,1569,89,12.7,60
INTERNET_BANKING,2026-03-22,105091,62217,588812,812637736.23,14276061.7,18187,288,44.5,824
MOBILE_BANKING,2026-03-22,193598,157890,1034806,2835612264.48,40297028.0,14027,692,13.0,1016
POS_TERMINALS,2026-03-22,28679,4845,35564,122758421.84,1297111.25,6176,198,67.8,269
USSD_SERVICE,2026-03-22,244476,151112,659243,899213115.96,17460738.48,8112,667,24.2,1844
WALLET_APP,2026-03-22,133947,112009,809100,472421897.48,6673459.77,9354,168,10.8,409
AGENT_BANKING,2026-03-23,63131,33413,106031,106769874.48,2213103.79,7359,374,93.9,815
ATM_NETWORK,2026-03-23,164714,56957,642255,512012843.99,8399062.18,29879,723,102.5,2073
CORPORATE_PORTAL,2026-03-23,15274,8904,33065,21298514.8,486868.72,839,75,20.2,39
INTERNET_BANKING,2026-03-23,105610,58777,648371,2548103734.5,59644712.74,12603,573,22.8,1863
MOBILE_BANKING,2026-03-23,194709,171973,779434,846810733.17,19147355.29,5647,172,13.8,344
POS_TERMINALS,2026-03-23,28687,6222,17569,14663255.43,303845.3,2307,260,157.0,241
USSD_SERVICE,2026-03-23,246161,137194,1374600,509015325.06,10548200.63,23534,1226,36.5,2461
WALLET_APP,2026-03-23,137008,97147,300637,1203137266.43,19964668.41,2156,200,13.6,91
AGENT_BANKING,2026-03-24,63236,22934,126451,403540267.4,6998422.05,5848,494,61.2,843
ATM_NETWORK,2026-03-24,165509,88738,528890,1004113124.83,14358374.97,30679,1282,48.9,806
CORPORATE_PORTAL,2026-03-24,15479,10425,39668,42372200.2,1023775.65,1385,40,34.3,74
INTERNET_BANKING,2026-03-24,106049,54336,513395,522256415.63,7215095.62,5604,414,21.3,517
MOBILE_BANKING,2026-03-24,199366,175802,1797264,646668268.91,5323318.34,26716,430,8.8,328
POS_TERMINALS,2026-03-24,28291,9080,43097,128468650.31,1513523.66,4644,337,116.2,335
USSD_SERVICE,2026-03-24,249850,127230,750663,2106325183.16,18084416.63,24574,1327,31.4,1381
WALLET_APP,2026-03-24,138642,106052,609314,237259882.89,5083601.73,5120,257,5.5,579
AGENT_BANKING,2026-03-25,63035,21069,187759,748839890.6,10777291.55,14020,408,50.1,353
ATM_NETWORK,2026-03-25,167131,56118,505932,678226608.1,11686635.64,39311,718,71.7,1053
CORPORATE_PORTAL,2026-03-25,15669,8890,49499,141549582.78,2512937.21,1732,73,13.1,143
INTERNET_BANKING,2026-03-25,106597,75388,473235,960917323.25,20055809.38,5807,395,31.8,265
MOBILE_BANKING,2026-03-25,201473,144087,641824,364810702.54,6597845.91,5050,163,11.4,445
POS_TERMINALS,2026-03-25,27879,7689,19475,21395052.6,450987.58,3165,191,165.9,257
USSD_SERVICE,2026-03-25,250821,160954,1868065,4881658743.11,92128544.58,39617,1650,42.8,1943
WALLET_APP,2026-03-25,141102,111134,1198817,1430145350.23,16015573.43,17106,170,4.2,865
AGENT_BANKING,2026-03-26,63353,30894,237139,503349662.18,9647523.97,15697,727,23.3,1622
ATM_NETWORK,2026-03-26,167258,68184,748975,3510897647.23,82965675.96,43249,634,25.2,4399
CORPORATE_PORTAL,2026-03-26,15754,8192,35075,131537973.1,2383408.43,536,64,9.7,91
INTERNET_BANKING,2026-03-26,107561,60265,460598,1823560303.04,33008429.49,11261,678,7.8,530
MOBILE_BANKING,2026-03-26,204135,175143,1606409,4322919382.29,64136818.33,6815,739,3.1,328
POS_TERMINALS,2026-03-26,27351,3656,27239,31479116.95,535904.43,4256,145,105.5,273
USSD_SERVICE,2026-03-26,254076,149741,469214,1118248201.13,9110417.45,11964,658,12.2,668
WALLET_APP,2026-03-26,144514,113012,831767,3359128918.57,32953196.77,8089,342,0.7,553
AGENT_BANKING,2026-03-27,63511,26132,253098,259545180.42,5142500.37,10431,511,49.8,1002
ATM_NETWORK,2026-03-27,166438,78754,844348,2326216675.74,32860940.13,47691,705,118.6,1073
CORPORATE_PORTAL,2026-03-27,15788,9334,66161,50497387.35,565758.03,2207,75,23.9,126
INTERNET_BANKING,2026-03-27,108760,76447,842578,1466723921.52,23151189.92,23228,465,19.9,1365
MOBILE_BANKING,2026-03-27,208757,155782,887714,4007044428.42,85780301.75,12125,439,7.5,647
POS_TERMINALS,2026-03-27,26906,4921,22496,39897517.09,695769.09,1535,96,217.2,217
USSD_SERVICE,2026-03-27,255336,165426,1944400,6883933099.19,153794477.42,59434,1751,16.7,2805
WALLET_APP,2026-03-27,146812,111293,915727,1617602038.5,31944558.54,6774,344,9.3,272
AGENT_BANKING,2026-03-28,64106,23387,158917,134409684.03,2838241.97,6699,360,29.6,1131
ATM_NETWORK,2026-03-28,166717,88024,462999,610375771.26,7287105.31,18275,796,107.2,2994
CORPORATE_PORTAL,2026-03-28,15827,10586,63280,25744604.4,479297.97,1931,81,12.7,37
INTERNET_BANKING,2026-03-28,110009,77188,420299,1234674725.38,26709453.39,14765,571,31.7,343
MOBILE_BANKING,2026-03-28,210656,160653,1173760,3572732486.02,66403759.07,9504,466,11.1,977
POS_TERMINALS,2026-03-28,26488,8403,51936,130051426.36,1158455.86,8636,235,80.8,276
USSD_SERVICE,2026-03-28,257292,173715,1807017,2718032613.84,66475098.54,36276,951,16.2,3961
WALLET_APP,2026-03-28,149139,107146,1102379,3488960702.59,66161053.78,11557,223,4.3,782
AGENT_BANKING,2026-03-29,64651,28375,258192,697974441.41,14791398.07,16189,707,41.4,1888
ATM_NETWORK,2026-03-29,167120,73785,210988,673899856.05,16294560.7,9750,1510,74.5,222
CORPORATE_PORTAL,2026-03-29,15848,7928,81916,244892056.37,2675400.45,2397,60,42.0,189
INTERNET_BANKING,2026-03-29,110975,67502,710942,177416221.71,2433013.26,10684,343,36.1,2066
MOBILE_BANKING,2026-03-29,212225,172188,1964883,5905156943.08,140231366.27,24837,338,7.2,294
POS_TERMINALS,2026-03-29,26296,5888,50117,205618672.92,3938552.89,7780,201,79.4,696
USSD_SERVICE,2026-03-29,260840,175756,1987919,4457780375.2,38600958.59,40795,1569,44.2,5395
WALLET_APP,2026-03-29,150736,124520,1104285,3354995791.91,80595144.12,8684,305,9.6,295
AGENT_BANKING,2026-03-30,65145,22875,180016,116151975.52,1121737.76,7076,268,35.7,579
ATM_NETWORK,2026-03-30,167928,56765,293506,346020504.1,8527673.05,11638,1223,31.8,1768
CORPORATE_PORTAL,2026-03-30,15866,9342,63783,193223114.96,3536995.39,2250,64,28.9,33
INTERNET_BANKING,2026-03-30,111595,74943,728895,2642285926.05,46979056.08,17611,371,33.4,1298
MOBILE_BANKING,2026-03-30,215660,192026,1534873,4738344186.64,72253386.05,9064,549,0.7,779
POS_TERMINALS,2026-03-30,26261,7712,55359,145369866.46,1706403.89,8571,301,147.1,826
USSD_SERVICE,2026-03-30,262096,186183,2008348,4183147344.37,99293174.69,58848,1363,32.9,3188
WALLET_APP,2026-03-30,152391,130812,1096455,4658503292.93,47715189.36,11906,329,7.4,478
AGENT_BANKING,2026-03-31,65195,23284,190605,533526192.86,7964960.03,12877,418,95.9,868
ATM_NETWORK,2026-03-31,168052,68587,686781,769505149.28,17858371.94,43454,1270,61.5,3398
CORPORATE_PORTAL,2026-03-31,15892,9253,102558,421476041.63,6027356.79,3698,41,33.7,171
INTERNET_BANKING,2026-03-31,112991,74021,193805,694376385.59,12332843.88,1986,656,33.5,536
MOBILE_BANKING,2026-03-31,219457,162708,1945868,1056647920.98,19891228.2,2199,534,10.1,1423
POS_TERMINALS,2026-03-31,26291,4360,25415,31336898.89,559858.85,3278,88,226.6,347
USSD_SERVICE,2026-03-31,262721,176186,1030760,1976386105.6,28777078.61,13935,1392,25.1,2251
WALLET_APP,2026-03-31,154203,126265,776767,1647351832.62,24609724.92,10639,607,9.7,717
AGENT_BANKING,2026-04-01,64915,28309,253717,547003965.26,11600256.15,13809,536,32.9,1179
ATM_NETWORK,2026-04-01,169053,72398,833452,457039139.84,10275279.78,51756,1807,53.0,3208
CORPORATE_PORTAL,2026-04-01,15945,8178,93823,173316899.79,1779824.2,2383,32,32.4,205
INTERNET_BANKING,2026-04-01,113588,67493,348306,455895897.52,10636188.38,8351,781,19.6,252
MOBILE_BANKING,2026-04-01,221916,155931,439339,770009299.03,12139659.58,1867,421,12.9,399
POS_TERMINALS,2026-04-01,25799,5845,25699,19806645.05,459802.98,4339,102,265.4,160
USSD_SERVICE,2026-04-01,266470,145743,1685180,8368386225.69,68882336.27,29021,1330,39.0,3821
WALLET_APP,2026-04-01,155678,127182,655800,923409605.09,14231138.13,4068,128,6.8,464
AGENT_BANKING,2026-04-02,64750,26014,295667,874178599.71,8892802.86,10142,446,45.9,2063
ATM_NETWORK,2026-04-02,168484,50925,325614,47972288.38,1082753.65,18510,618,110.9,2425
CORPORATE_PORTAL,2026-04-02,16007,9891,53244,201780251.78,2840449.25,861,53,12.9,135
INTERNET_BANKING,2026-04-02,114274,57836,679183,899904098.27,8145462.84,18055,449,28.9,1163
MOBILE_BANKING,2026-04-02,225589,171051,1431388,1323716875.33,25854321.33,3015,177,2.6,1265
POS_TERMINALS,2026-04-02,25419,5807,39979,70804911.39,1449582.98,3133,330,106.3,483
USSD_SERVICE,2026-04-02,267314,140302,1018920,1227638004.44,30437081.12,10508,642,38.2,1411
WALLET_APP,2026-04-02,158066,133350,814771,1334768373.17,28970197.11,9209,567,9.9,512
AGENT_BANKING,2026-04-03,65002,31317,198115,764557757.01,14966096.71,6143,314,46.2,538
ATM_NETWORK,2026-04-03,168736,56067,169949,119629434.66,2047290.34,11148,766,36.1,661
CORPORATE_PORTAL,2026-04-03,16214,10617,51577,133786210.82,2973563.91,1394,107,19.0,39
INTERNET_BANKING,2026-04-03,114870,60847,623768,2448181380.65,27572466.6,9958,465,41.2,1322
MOBILE_BANKING,2026-04-03,229452,165236,1062100,3690119764.14,89746807.41,4945,364,7.2,528
POS_TERMINALS,2026-04-03,25395,4745,41754,31865907.67,763395.56,5223,222,166.3,481
USSD_SERVICE,2026-04-03,268277,183455,636520,1180559466.22,17456667.59,24338,1743,44.2,702
WALLET_APP,2026-04-03,160576,142644,1029941,628116364.43,15141060.22,2128,223,9.4,831
AGENT_BANKING,2026-04-04,65616,34211,309466,1569796182.05,14941161.62,21094,685,96.0,2349
ATM_NETWORK,2026-04-04,170387,69566,752593,226348307.95,3575203.72,49503,1332,44.4,775
CORPORATE_PORTAL,2026-04-04,16252,10262,53166,183859274.23,2608470.48,1907,75,30.0,52
INTERNET_BANKING,2026-04-04,115868,77715,722727,1458657080.57,16542752.41,18611,270,11.8,1151
MOBILE_BANKING,2026-04-04,233067,176159,1516767,572098163.3,10707165.58,22114,326,12.8,1018
POS_TERMINALS,2026-04-04,25289,7605,34471,136594013.78,3374685.33,4052,322,152.2,264
USSD_SERVICE,2026-04-04,271772,180090,821767,347650002.91,7251242.46,26964,1723,34.8,2265
WALLET_APP,2026-04-04,162691,122113,1137022,2051832929.52,27869711.62,2649,404,0.3,1030
AGENT_BANKING,2026-04-05,65435,29935,78877,76758009.05,1206658.01,4135,482,94.2,525
ATM_NETWORK,2026-04-05,169760,56521,631747,2251314973.89,25938343.44,24785,624,96.9,5046
CORPORATE_PORTAL,2026-04-05,16307,9807,51293,104003280.19,1006228.37,1101,71,7.1,125
INTERNET_BANKING,2026-04-05,116312,81628,634077,2722302505.54,63308032.95,14133,541,28.6,1860
MOBILE_BANKING,2026-04-05,237562,179983,838782,1854509309.0,26252937.59,5847,730,3.6,835
POS_TERMINALS,2026-04-05,24920,5778,59047,86631421.62,1065241.76,7437,211,83.1,677
USSD_SERVICE,2026-04-05,272657,154796,790596,2414194241.2,40172773.02,20229,954,30.1,2192
WALLET_APP,2026-04-05,163878,135020,1109622,1793590490.78,27290975.68,6088,164,9.7,871
AGENT_BANKING,2026-04-06,66078,26290,128583,131892882.03,1084922.82,5933,248,115.7,837
ATM_NETWORK,2026-04-06,170534,91177,608133,2876931346.71,53006494.85,43267,1584,78.9,3526
CORPORATE_PORTAL,2026-04-06,16376,8255,40968,39830940.26,993809.88,821,32,37.7,45
INTERNET_BANKING,2026-04-06,117452,69629,410550,332579909.4,3081020.51,7041,319,21.0,969
MOBILE_BANKING,2026-04-06,242538,181603,1862947,4371339065.21,83065523.87,13779,315,9.2,1851
POS_TERMINALS,2026-04-06,24754,6268,53976,189792106.17,1836862.26,8660,242,93.6,655
USSD_SERVICE,2026-04-06,273631,195169,517102,348071022.74,6576814.08,5297,1374,38.7,306
WALLET_APP,2026-04-06,165109,125423,1357954,4647358592.19,58236886.02,12689,407,1.1,1020
AGENT_BANKING,2026-04-07,66254,34000,145749,467979335.03,8018691.29,9551,669,116.4,620
ATM_NETWORK,2026-04-07,171809,64099,177016,500976121.81,7802322.31,12413,830,20.1,1018
CORPORATE_PORTAL,2026-04-07,16572,11000,56307,12421204.08,146812.09,2153,66,16.4,103
INTERNET_BANKING,2026-04-07,117786,72515,776671,642002282.62,9393309.05,14454,483,35.3,1037
MOBILE_BANKING,2026-04-07,243841,193023,1579779,3130458449.03,45248082.75,19580,227,12.7,911
POS_TERMINALS,2026-04-07,24616,5793,68683,288327183.73,4115157.67,12001,216,142.1,365
USSD_SERVICE,2026-04-07,277245,139398,688773,1551726745.7,33434104.93,9577,1293,44.3,2036
WALLET_APP,2026-04-07,168891,123386,360988,1058073027.85,24414189.76,869,302,4.4,66
AGENT_BANKING,2026-04-08,66666,29580,262392,885020483.81,17094356.76,11167,631,34.1,1748
ATM_NETWORK,2026-04-08,172248,68856,521868,2475671857.52,39367545.08,20619,1046,85.4,3844
CORPORATE_PORTAL,2026-04-08,16797,11420,99338,119804350.2,1796358.11,1839,41,19.1,113
INTERNET_BANKING,2026-04-08,119386,83962,646275,1803108888.41,27026139.91,17833,363,16.9,718
MOBILE_BANKING,2026-04-08,245623,202518,1126033,626394861.62,8074279.75,4685,565,1.0,568
POS_TERMINALS,2026-04-08,24553,8593,53861,165806174.01,3075246.23,3473,186,132.5,496
USSD_SERVICE,2026-04-08,280747,199030,2018677,2541259290.8,26912294.32,71190,1913,21.7,1806
WALLET_APP,2026-04-08,171731,123544,871974,2656007910.18,52876715.69,2245,172,7.1,435
AGENT_BANKING,2026-04-09,66877,28916,273873,190741562.21,1847826.93,14575,419,105.5,506
ATM_NETWORK,2026-04-09,171442,53599,202764,758124504.91,8030060.89,8448,1041,32.3,958
CORPORATE_PORTAL,2026-04-09,16821,10052,83960,262565830.02,4667441.89,1370,114,8.8,130
INTERNET_BANKING,2026-04-09,120676,72132,840059,2417499287.2,57662890.28,21639,780,25.3,655
MOBILE_BANKING,2026-04-09,248785,217717,1144216,2065916966.85,41780599.66,12560,640,0.0,793
POS_TERMINALS,2026-04-09,24458,6966,56027,212319775.48,2429282.45,3811,199,245.2,224
USSD_SERVICE,2026-04-09,283083,169351,2026290,2023788824.13,33213470.9,55834,2001,42.8,3166
WALLET_APP,2026-04-09,174335,153892,1731220,476278274.28,9456735.08,4255,176,15.0,367
AGENT_BANKING,2026-04-10,67285,21353,234558,873771799.25,21821769.62,13089,290,49.6,609
ATM_NETWORK,2026-04-10,171539,88257,315173,455248911.18,4385933.93,21830,1423,62.8,2206
CORPORATE_PORTAL,2026-04-10,16983,8716,74454,196196420.27,4151973.7,1215,34,44.5,51
INTERNET_BANKING,2026-04-10,122418,75784,717649,775511788.48,18547538.37,16824,690,43.3,1437
MOBILE_BANKING,2026-04-10,251339,201239,1547871,2510432705.36,21071619.06,8636,859,13.5,1391
POS_TERMINALS,2026-04-10,24396,3547,9479,4727886.07,44731.94,1411,129,196.7,122
USSD_SERVICE,2026-04-10,285503,162206,1678819,2582265133.58,61734621.4,26173,1371,35.0,1890
WALLET_APP,2026-04-10,177151,143644,1506843,4877197950.84,78280049.18,8327,340,0.2,210
AGENT_BANKING,2026-04-11,67270,27711,99010,221487668.95,4029996.19,7696,541,81.2,293
ATM_NETWORK,2026-04-11,172729,65539,679052,920753007.95,8606133.74,28021,1224,105.6,5291
CORPORATE_PORTAL,2026-04-11,17061,10502,99078,403598581.18,3229184.07,3316,114,28.2,206
INTERNET_BANKING,2026-04-11,123297,84853,681801,660502100.15,6211573.39,13456,670,25.3,2019
MOBILE_BANKING,2026-04-11,255673,211406,1589303,6696864485.21,68817872.37,23821,402,3.7,400
POS_TERMINALS,2026-04-11,24001,5312,24262,6124156.11,53161.79,2202,123,266.8,276
USSD_SERVICE,2026-04-11,289273,201193,1795780,5709578265.06,128163946.22,26797,674,22.2,1739
WALLET_APP,2026-04-11,181394,135266,927971,3308345008.57,45180609.29,11452,403,12.9,815
AGENT_BANKING,2026-04-12,67006,33317,367871,1384458551.48,24581128.78,22637,742,79.5,2862
ATM_NETWORK,2026-04-12,172336,90864,425053,389370922.71,6076935.76,33950,1504,117.8,944
CORPORATE_PORTAL,2026-04-12,17217,11378,87507,301695619.73,5859665.73,1931,131,33.3,81
INTERNET_BANKING,2026-04-12,124612,78869,228494,898019976.15,7490898.23,2706,716,24.8,251
MOBILE_BANKING,2026-04-12,259771,198989,2187581,8058918480.0,68313651.17,12024,356,12.6,907
POS_TERMINALS,2026-04-12,23623,6778,43771,137374999.95,2811601.04,4757,330,142.4,578
USSD_SERVICE,2026-04-12,293060,192587,1401187,538771977.2,7695816.08,40998,1948,32.5,1079
WALLET_APP,2026-04-12,183583,164072,1239072,3198506143.02,73616805.86,12624,330,13.7,875
AGENT_BANKING,2026-04-13,67642,20399,102718,175270701.58,1621007.61,7237,292,108.3,647
ATM_NETWORK,2026-04-13,173124,66801,391453,585136751.83,12292216.36,21657,969,74.0,749
CORPORATE_PORTAL,2026-04-13,17417,11544,32239,105012390.97,1658134.46,466,119,23.3,35
INTERNET_BANKING,2026-04-13,125996,64027,399355,833179780.53,15501147.24,11626,335,42.8,644
MOBILE_BANKING,2026-04-13,262266,227298,1702904,5122776466.49,65499753.07,23851,953,8.6,706
POS_TERMINALS,2026-04-13,23603,6109,41605,121089799.21,1808812.87,7238,151,188.6,162
USSD_SERVICE,2026-04-13,295550,188464,1338916,3610234446.92,61997374.3,49124,581,23.2,2116
WALLET_APP,2026-04-13,185685,143450,437105,600825383.39,11953694.59,3099,399,12.7,389
AGENT_BANKING,2026-04-14,67619,35396,316391,1410450616.89,14487307.15,21407,825,104.2,1656
ATM_NETWORK,2026-04-14,172788,93272,982274,4116129359.68,71253123.19,64353,2134,32.5,1670
CORPORATE_PORTAL,2026-04-14,17620,10338,121989,544107411.04,6462512.46,3956,93,41.0,350
INTERNET_BANKING,2026-04-14,126242,81431,721028,2810910260.92,47236031.66,15356,294,9.7,2132
MOBILE_BANKING,2026-04-14,264539,230524,958670,4103499283.37,69854549.58,8466,981,8.6,490
POS_TERMINALS,2026-04-14,23537,2608,26097,77834404.32,1705841.76,2966,137,292.4,199
USSD_SERVICE,2026-04-14,296072,212480,758549,970925838.68,12796279.81,17407,1098,38.3,1052
WALLET_APP,2026-04-14,188462,133859,506746,422219592.38,4152744.77,7134,340,6.3,113
AGENT_BANKING,2026-04-15,67993,23455,89895,204444834.07,3373415.32,2969,279,43.2,510
ATM_NETWORK,2026-04-15,172572,93465,660886,709989061.76,13464015.35,27092,1847,93.5,3183
CORPORATE_PORTAL,2026-04-15,17874,12186,74316,217339032.81,4598484.5,2521,96,22.4,75
INTERNET_BANKING,2026-04-15,127879,74754,325062,320797062.33,6042144.43,5167,580,29.0,767
MOBILE_BANKING,2026-04-15,268379,211744,938345,4010402290.93,96937186.37,12996,780,11.5,457
POS_TERMINALS,2026-04-15,23095,4787,36527,91867754.97,967811.32,2732,121,111.5,291
USSD_SERVICE,2026-04-15,299448,203094,2213872,2936703104.84,65106831.56,80101,2183,14.2,2110
WALLET_APP,2026-04-15,191668,136764,1521661,6654232233.09,97835823.75,16600,446,12.1,256
AGENT_BANKING,2026-04-16,67985,20708,109027,365546903.54,3869999.27,6207,358,62.0,216
ATM_NETWORK,2026-04-16,172605,63347,556640,951160503.54,21929587.52,41222,1542,98.6,3755
CORPORATE_PORTAL,2026-04-16,17919,9826,76958,208797740.16,1882121.62,2787,66,41.3,201
INTERNET_BANKING,2026-04-16,128349,84499,740121,906947062.79,19926223.51,20516,967,27.8,1247
MOBILE_BANKING,2026-04-16,272585,214865,1737555,7853353716.95,121759020.21,3994,619,13.4,892
POS_TERMINALS,2026-04-16,22850,7108,27931,47881955.42,989837.56,2546,338,187.2,237
USSD_SERVICE,2026-04-16,301484,179202,1192744,1616789650.54,39297641.28,34824,988,43.8,2655
WALLET_APP,2026-04-16,196257,168987,1808678,3211163244.07,68786151.07,16021,639,11.4,723
AGENT_BANKING,2026-04-17,67897,22669,126731,84542249.88,2078571.6,7340,384,81.1,869
ATM_NETWORK,2026-04-17,173174,61213,709516,2400270749.02,44330165.97,50930,499,64.8,817
CORPORATE_PORTAL,2026-04-17,18178,10443,60001,106375334.56,2348944.41,2027,35,26.7,73
INTERNET_BANKING,2026-04-17,129232,80587,324786,519880573.02,8948236.85,7920,601,38.5,668
MOBILE_BANKING,2026-04-17,275814,216227,1274280,5773003652.55,66538625.29,11994,704,12.4,1231
POS_TERMINALS,2026-04-17,22675,4428,34762,12872040.92,246213.72,3050,128,154.2,281
USSD_SERVICE,2026-04-17,305575,208047,1678098,2906297484.05,51507849.57,47454,2268,31.6,3250
WALLET_APP,2026-04-17,200456,145659,1274318,4928364942.12,110235113.11,7731,494,1.1,464
AGENT_BANKING,2026-04-18,67595,35705,175311,231001607.36,3492889.55,9923,299,111.1,1034
ATM_NETWORK,2026-04-18,173648,87574,485335,1029849017.41,11732223.52,25343,1037,23.9,1387
CORPORATE_PORTAL,2026-04-18,18228,11454,32289,40353034.7,987583.22,1125,132,5.6,91
INTERNET_BANKING,2026-04-18,130852,75054,776091,1540737026.89,35226332.01,7837,537,12.3,1513
MOBILE_BANKING,2026-04-18,281708,233786,1928122,6402169832.1,68764687.54,21814,1084,3.4,663
POS_TERMINALS,2026-04-18,22502,4262,13054,26686278.76,336517.52,1856,234,190.2,85
USSD_SERVICE,2026-04-18,307419,196040,852538,3870000262.74,47763544.46,27979,1272,15.9,1722
WALLET_APP,2026-04-18,201623,174364,1946580,7505114086.8,133338291.97,12211,702,5.4,572
AGENT_BANKING,2026-04-19,67567,27069,100598,487212885.65,5527310.68,7888,237,89.8,231
ATM_NETWORK,2026-04-19,175077,84900,457948,168504757.74,2361869.01,17601,1839,116.5,1591
CORPORATE_PORTAL,2026-04-19,18434,9673,77980,142971616.93,1680121.0,1237,54,43.3,168
INTERNET_BANKING,2026-04-19,132509,66714,589962,108414980.43,1835637.08,23486,291,8.0,1219
MOBILE_BANKING,2026-04-19,285152,220893,2019634,4517272172.64,89204574.16,22643,424,1.6,1641
POS_TERMINALS,2026-04-19,22525,5936,54515,168870572.88,3905313.84,3682,312,117.5,570
USSD_SERVICE,2026-04-19,311948,163529,1508036,626146659.05,11440908.2,52889,757,24.3,2296
WALLET_APP,2026-04-19,204217,175201,1666590,7969702022.62,140152026.05,1779,497,12.7,321
AGENT_BANKING,2026-04-20,68046,29621,204459,588103032.33,12344957.52,13078,688,81.6,1257
ATM_NETWORK,2026-04-20,175122,63490,275498,855745279.19,19878839.65,17385,1066,78.8,963
CORPORATE_PORTAL,2026-04-20,18537,10606,56293,27825776.1,676119.36,2162,58,31.8,36
INTERNET_BANKING,2026-04-20,134369,95881,254230,1162672317.32,22445235.75,7944,330,27.1,391
MOBILE_BANKING,2026-04-20,292072,209533,1025937,4534236865.93,59969063.21,1830,620,6.9,142
POS_TERMINALS,2026-04-20,22276,6601,71007,179335962.71,3384072.57,7360,113,296.5,266
USSD_SERVICE,2026-04-20,315421,168041,1089226,1906573340.07,45000128.93,20857,1588,13.1,2973
WALLET_APP,2026-04-20,207254,179069,1305196,1228035934.14,16520694.79,7183,431,2.9,424
AGENT_BANKING,2026-04-21,67734,24193,120044,282320203.51,6733259.92,8766,547,92.1,801
ATM_NETWORK,2026-04-21,174334,83086,548456,1156526311.81,20474676.63,23388,2048,22.1,2905
CORPORATE_PORTAL,2026-04-21,18636,10022,79314,75187598.48,668574.19,1843,68,15.5,178
INTERNET_BANKING,2026-04-21,136009,75250,694472,168854927.59,2633743.99,17305,338,10.4,1013
MOBILE_BANKING,2026-04-21,298928,237096,2792324,11085848924.98,222705749.66,28632,681,2.0,709
POS_TERMINALS,2026-04-21,21879,5486,61392,258826779.32,5937203.06,7527,327,92.5,388
USSD_SERVICE,2026-04-21,318525,178411,1589108,270515408.92,2589843.46,45555,987,10.3,3561
WALLET_APP,2026-04-21,208831,157816,684358,1585540637.46,36314385.23,3662,723,3.2,536
AGENT_BANKING,2026-04-22,68118,24618,278618,1053399009.89,18540614.83,11953,470,38.0,2098
ATM_NETWORK,2026-04-22,174813,65806,424133,573134860.47,10642894.04,23338,1003,33.0,1571
CORPORATE_PORTAL,2026-04-22,18721,11728,79031,264501755.59,3937571.17,2764,59,19.0,130
INTERNET_BANKING,2026-04-22,137282,79649,368645,793020027.63,10596769.94,11500,508,13.4,547
MOBILE_BANKING,2026-04-22,305982,230229,2562335,2013284280.03,40045088.92,34490,934,11.0,817
POS_TERMINALS,2026-04-22,21489,6737,20395,75915478.43,1581726.1,3138,390,271.7,252
USSD_SERVICE,2026-04-22,319212,212985,2383423,7775694533.68,96242552.76,50863,1932,39.6,1471
WALLET_APP,2026-04-22,213171,167832,1935303,1723802796.77,35153005.29,9773,214,2.5,1014
AGENT_BANKING,2026-04-23,67998,21954,231519,139718128.36,3006296.06,17434,481,27.5,1427
ATM_NETWORK,2026-04-23,176183,62872,273559,712342054.85,12292446.1,11996,913,46.0,1771
CORPORATE_PORTAL,2026-04-23,18747,12783,104396,190571129.41,1805534.13,3346,112,8.9,63
INTERNET_BANKING,2026-04-23,137800,88743,447758,172057811.44,1629749.85,5206,920,36.0,368
MOBILE_BANKING,2026-04-23,309486,273126,1478167,816503361.21,19419221.33,9155,1075,11.6,1042
POS_TERMINALS,2026-04-23,21383,5374,20266,68965747.61,768504.25,3252,231,236.5,95
USSD_SERVICE,2026-04-23,319972,176708,1623857,5672842393.98,140267774.48,48348,1429,31.8,3871
WALLET_APP,2026-04-23,216129,154498,1208867,4914498472.77,59739375.55,7001,765,13.6,451
AGENT_BANKING,2026-04-24,68186,29913,283041,552927722.98,5881566.21,16081,583,115.3,2261
ATM_NETWORK,2026-04-24,177911,63028,680074,1911999088.62,28967462.52,29425,1232,45.7,3912
CORPORATE_PORTAL,2026-04-24,18954,10554,98089,168276662.07,3978694.44,1136,103,5.7,162
INTERNET_BANKING,2026-04-24,138533,93016,316418,659644503.99,14007338.93,6902,736,22.5,225
MOBILE_BANKING,2026-04-24,316986,260473,1005045,4965187175.6,63463952.26,12376,1137,12.3,1000
POS_TERMINALS,2026-04-24,21092,4296,37030,26827619.18,492267.43,6583,192,277.5,546
USSD_SERVICE,2026-04-24,323927,177577,924250,2470772857.17,21084726.86,27100,1908,24.5,1150
WALLET_APP,2026-04-24,218853,179533,881884,2249849495.11,27385263.77,3577,615,9.9,833
AGENT_BANKING,2026-04-25,68514,36827,251426,494957707.22,3992939.86,19850,404,90.7,674
ATM_NETWORK,2026-04-25,177356,64957,544693,2437134185.7,52211949.19,43053,1048,29.8,4290
CORPORATE_PORTAL,2026-04-25,19138,11250,79774,318812246.85,5602188.17,2375,74,44.6,149
INTERNET_BANKING,2026-04-25,139512,81855,245470,948571797.84,23427802.47,5570,733,30.7,407
MOBILE_BANKING,2026-04-25,319721,254792,2581776,4255998765.87,40977519.92,24562,274,14.4,2212
POS_TERMINALS,2026-04-25,20690,3181,15269,36163246.12,866194.32,1946,81,165.5,219
USSD_SERVICE,2026-04-25,328318,224972,830357,914300917.63,14469721.24,24114,2112,20.9,2365
WALLET_APP,2026-04-25,220500,154407,1817415,2362231322.96,21502782.67,8987,637,0.7,511
AGENT_BANKING,2026-04-26,68903,30872,196840,318750169.36,5148815.08,6806,554,27.8,1460
ATM_NETWORK,2026-04-26,177328,89700,703070,1264185191.89,18040613.5,26078,1144,75.3,5158
CORPORATE_PORTAL,2026-04-26,19263,11420,66650,42096963.85,363786.81,2583,65,31.7,146
INTERNET_BANKING,2026-04-26,140698,76554,218362,338716142.96,6890097.28,5435,234,25.3,359
MOBILE_BANKING,2026-04-26,326009,251658,2294903,3530063891.97,45662131.04,15061,910,2.4,1880
POS_TERMINALS,2026-04-26,20611,3204,24856,7174704.11,106171.55,3077,87,222.6,329
USSD_SERVICE,2026-04-26,333235,168481,682019,377263800.07,5929198.4,7429,1592,5.4,482
WALLET_APP,2026-04-26,222590,171388,1923604,4976483260.0,85295555.67,14146,619,0.3,857
AGENT_BANKING,2026-04-27,68745,29616,132261,201811633.49,2461551.4,6048,532,73.8,261
ATM_NETWORK,2026-04-27,177907,58210,659473,220053515.04,4714194.32,45216,969,94.2,4779
CORPORATE_PORTAL,2026-04-27,19523,12782,145067,193070257.99,2272626.55,5391,148,14.1,379
INTERNET_BANKING,2026-04-27,141789,83464,381797,920623130.74,19244667.97,9606,519,42.7,336
MOBILE_BANKING,2026-04-27,332014,260873,1092793,1923882646.04,45717829.63,15604,1120,0.1,562
POS_TERMINALS,2026-04-27,20424,6228,57626,29809964.85,605071.6,8310,321,258.2,327
USSD_SERVICE,2026-04-27,337468,183022,740306,2067602393.5,44021293.14,14654,1844,15.0,544
WALLET_APP,2026-04-27,225078,184790,499523,1432722865.87,31122136.55,2946,364,12.2,382
AGENT_BANKING,2026-04-28,69309,36408,384568,526589422.2,12138035.41,30112,755,86.5,1756
ATM_NETWORK,2026-04-28,179223,73644,289884,683784406.19,11759652.59,20254,1258,91.4,674
CORPORATE_PORTAL,2026-04-28,19654,11729,125668,379394423.38,5479420.99,2509,46,13.3,258
INTERNET_BANKING,2026-04-28,143262,75021,620220,1320280383.12,14182328.2,15032,359,41.7,743
MOBILE_BANKING,2026-04-28,334556,262361,2271597,7294737518.12,97612937.06,22411,567,5.7,1330
POS_TERMINALS,2026-04-28,20423,2542,26832,57599995.84,1104564.38,4218,84,70.6,342
USSD_SERVICE,2026-04-28,338438,198597,1439040,2923227279.21,61815567.02,29412,1435,31.6,3436
WALLET_APP,2026-04-28,229854,165200,711723,1364398136.2,11179328.86,1804,265,3.1,264
AGENT_BANKING,2026-04-29,69891,34661,97601,355028416.99,5739562.75,4824,328,66.3,481
ATM_NETWORK,2026-04-29,180816,66324,227035,971469945.66,8412755.24,9899,681,30.4,312
CORPORATE_PORTAL,2026-04-29,19909,13664,154093,357240970.96,6339534.98,1863,104,11.2,174
INTERNET_BANKING,2026-04-29,144065,98091,1035283,1175843812.43,14065492.03,24834,790,28.4,2096
MOBILE_BANKING,2026-04-29,342381,292926,1667649,3779585397.98,65306443.28,6828,892,5.2,281
POS_TERMINALS,2026-04-29,20444,6869,48348,135601404.03,2138779.14,7820,233,177.5,629
USSD_SERVICE,2026-04-29,342549,198642,2056383,699083123.43,15356292.2,43512,1097,17.5,4815
WALLET_APP,2026-04-29,232279,171549,781053,3252680632.71,33841550.84,9077,191,6.2,175
AGENT_BANKING,2026-04-30,70191,35392,169996,269762892.46,3492970.28,11176,323,41.3,652
ATM_NETWORK,2026-04-30,180003,84311,481758,716343001.58,7473758.38,31378,1926,42.9,3010
CORPORATE_PORTAL,2026-04-30,20022,14201,46375,18131770.6,444841.18,517,139,29.6,109
INTERNET_BANKING,2026-04-30,145920,85019,241542,967005982.97,24106488.4,3903,947,7.4,422
MOBILE_BANKING,2026-04-30,349069,266022,2772634,5691917233.34,72920630.99,12976,522,8.7,1707
POS_TERMINALS,2026-04-30,20270,4182,29476,23264353.83,576514.59,4197,229,227.4,359
USSD_SERVICE,2026-04-30,345902,202162,1869856,7005147211.37,141922722.99,44821,1006,21.5,2099
WALLET_APP,2026-04-30,235354,173259,1970104,3578573357.77,80971842.17,10180,661,14.0,1001
AGENT_BANKING,2026-05-01,69950,32378,81077,88922871.76,1667567.37,4867,512,116.7,508
ATM_NETWORK,2026-05-01,180067,91042,379319,1469740940.16,35986954.16,20857,1294,88.8,1514
CORPORATE_PORTAL,2026-05-01,20226,11571,84299,80236853.87,1285250.03,1715,91,23.5,51
INTERNET_BANKING,2026-05-01,147915,105398,1157015,5095594374.68,73416001.28,34171,515,28.8,1729
MOBILE_BANKING,2026-05-01,352936,283391,3131112,4311940322.21,59754523.66,31912,1244,7.5,398
POS_TERMINALS,2026-05-01,19933,5566,16499,38286249.81,444395.62,1656,306,237.8,144
USSD_SERVICE,2026-05-01,350240,242443,1771042,3327725704.72,44641910.66,58964,2771,36.0,4938
WALLET_APP,2026-05-01,240381,169827,1232869,1927173462.1,44567250.55,17332,754,6.2,263
AGENT_BANKING,2026-05-02,69723,27662,221236,977668126.99,22471418.58,16264,452,59.6,706
ATM_NETWORK,2026-05-02,181298,95472,439757,497724930.18,6360510.25,21075,1490,54.3,1204
CORPORATE_PORTAL,2026-05-02,20300,13641,81805,262913990.97,2391085.45,1742,55,24.1,56
INTERNET_BANKING,2026-05-02,148135,94632,995641,3555732347.31,35764443.31,17334,641,10.4,1409
MOBILE_BANKING,2026-05-02,355522,279266,1580565,6658390566.71,86316894.7,19185,400,2.4,914
POS_TERMINALS,2026-05-02,19539,4718,41559,61559688.76,1398339.63,5616,212,131.3,457
USSD_SERVICE,2026-05-02,354330,214992,786920,2964709837.11,31570318.5,17513,2374,30.5,660
WALLET_APP,2026-05-02,244690,193375,1846398,6529247204.27,162533745.28,7675,406,8.8,414
AGENT_BANKING,2026-05-03,70228,24179,158349,313392329.2,4763961.36,5912,234,20.2,568
ATM_NETWORK,2026-05-03,181725,72274,353597,1106598341.69,20312820.88,15530,1663,54.1,641
CORPORATE_PORTAL,2026-05-03,20590,10606,92442,183873398.87,1762277.99,1156,105,32.4,206
INTERNET_BANKING,2026-05-03,148443,92154,471123,1789670427.08,21700719.83,5800,778,28.5,774
MOBILE_BANKING,2026-05-03,359805,256572,1515106,1467498579.99,28339290.66,19059,934,13.4,1296
POS_TERMINALS,2026-05-03,19362,2395,8794,4719117.94,63464.5,1444,62,145.9,116
USSD_SERVICE,2026-05-03,355832,214802,1763435,5830478679.2,112207406.12,47710,1207,32.2,3091
WALLET_APP,2026-05-03,250014,211936,2210699,6758470001.44,158103403.58,14741,862,13.1,1548
AGENT_BANKING,2026-05-04,70182,29725,144297,203068486.5,4810149.12,9015,442,43.1,537
ATM_NETWORK,2026-05-04,182806,60144,711848,655155736.75,13104420.78,34386,1184,118.5,5316
CORPORATE_PORTAL,2026-05-04,20762,12944,51939,164175611.63,4032842.69,1633,154,10.8,110
INTERNET_BANKING,2026-05-04,149820,90165,954560,4547324772.98,58556506.84,10206,1029,38.7,2417
MOBILE_BANKING,2026-05-04,365584,296285,1960017,8658500664.4,108629234.3,25930,342,14.0,979
POS_TERMINALS,2026-05-04,19190,2230,11344,15829682.27,196226.1,998,82,284.3,104
USSD_SERVICE,2026-05-04,361108,221984,1825379,4062231828.27,90809563.43,29999,1549,26.5,1491
WALLET_APP,2026-05-04,254416,179699,2073285,699882856.51,16542941.0,5158,526,7.6,810
AGENT_BANKING,2026-05-05,70320,26374,138728,50900916.88,547339.67,4395,219,119.0,557
ATM_NETWORK,2026-05-05,183169,99208,512787,1537869871.19,26571578.33,31586,1310,68.5,1127
CORPORATE_PORTAL,2026-05-05,21003,11235,33276,49247169.16,952472.7,835,97,11.4,54
INTERNET_BANKING,2026-05-05,150453,80357,914340,3000640649.08,68513179.33,30611,899,43.4,909
MOBILE_BANKING,2026-05-05,373532,274918,869726,1133866783.31,12245376.3,4871,1091,1.1,564
POS_TERMINALS,2026-05-05,19123,3798,15969,45911966.09,1097655.16,1063,196,94.8,186
USSD_SERVICE,2026-05-05,362995,248835,966344,3813590847.85,72572943.3,36726,2362,28.8,1753
WALLET_APP,2026-05-05,259081,227924,637426,2400499984.94,51827357.92,7244,298,14.0,636
AGENT_BANKING,2026-05-06,70786,38739,442325,282480663.05,4955745.99,14543,559,67.2,1214
ATM_NETWORK,2026-05-06,184589,84271,906586,917658701.93,19853531.08,47277,1491,61.0,5716
CORPORATE_PORTAL,2026-05-06,21099,11839,131388,92750915.2,1610128.02,1675,45,44.2,355
INTERNET_BANKING,2026-05-06,152515,107166,275559,800151736.18,17943049.25,6912,848,22.4,812
MOBILE_BANKING,2026-05-06,380203,327772,1460985,2792008666.22,59871276.33,19737,503,13.6,745
POS_TERMINALS,2026-05-06,18884,4526,39998,47501568.62,529118.63,4403,243,90.6,590
USSD_SERVICE,2026-05-06,365378,259837,2029808,3219750613.55,61204943.97,66695,817,6.7,2811
WALLET_APP,2026-05-06,264991,209748,1946289,1452114219.78,26246258.45,5035,674,5.6,1488
AGENT_BANKING,2026-05-07,71386,34762,398394,1515038438.59,30885852.32,20544,612,95.7,2795
ATM_NETWORK,2026-05-07,183965,74301,445769,106157390.49,2483938.33,18623,1555,60.0,1286
CORPORATE_PORTAL,2026-05-07,21277,13092,85780,203133736.6,2540190.15,1194,48,24.1,190
INTERNET_BANKING,2026-05-07,153782,107400,478824,272127272.26,6147570.75,5208,423,37.3,448
MOBILE_BANKING,2026-05-07,386814,291570,1226573,2563620273.79,43114705.11,12030,971,1.4,852
POS_TERMINALS,2026-05-07,18760,4520,44859,28536820.39,293672.54,4652,74,277.0,178
USSD_SERVICE,2026-05-07,370478,229044,2250753,7621917416.38,81182704.21,47075,2691,38.0,6463
WALLET_APP,2026-05-07,271045,232186,2350747,9109697954.95,142875310.76,4649,760,10.5,1239
AGENT_BANKING,2026-05-08,71102,29539,99967,184282953.53,4250402.12,4584,252,58.2,105
ATM_NETWORK,2026-05-08,183943,76396,457864,858286173.64,11895461.93,29247,1505,59.7,3558
CORPORATE_PORTAL,2026-05-08,21586,12847,60758,32524748.96,279995.49,2343,113,6.8,42
INTERNET_BANKING,2026-05-08,155809,110141,528053,1452205447.33,16192486.7,6002,814,39.2,1553
MOBILE_BANKING,2026-05-08,393061,298341,2208607,5862537339.88,69976103.9,12767,474,5.7,1761
POS_TERMINALS,2026-05-08,18435,5302,24702,65431716.48,1608311.4,3018,264,106.0,365
USSD_SERVICE,2026-05-08,373900,207916,769808,1978862949.76,43856208.57,26306,926,40.1,950
WALLET_APP,2026-05-08,276863,240252,1725435,1164416457.38,10018772.7,23212,319,3.2,553
AGENT_BANKING,2026-05-09,70994,35616,197061,414114549.83,5501591.27,9675,650,110.1,935
ATM_NETWORK,2026-05-09,185450,68294,331871,88439245.77,2048416.34,16143,1645,33.3,1306
CORPORATE_PORTAL,2026-05-09,21773,12325,135446,134813632.66,2109972.34,2813,123,21.6,250
INTERNET_BANKING,2026-05-09,156584,94156,354325,1343257103.56,26599353.37,9719,768,41.3,426
MOBILE_BANKING,2026-05-09,399023,347169,1430980,6235293251.74,110065675.68,3816,1689,11.8,917
POS_TERMINALS,2026-05-09,18376,4469,28800,106472389.11,1657503.12,3207,167,156.5,272
USSD_SERVICE,2026-05-09,377248,271546,684723,1301373303.26,20849665.96,11759,2140,20.5,935
WALLET_APP,2026-05-09,283407,226597,1241657,2224568839.96,51469049.25,2811,306,7.6,385
AGENT_BANKING,2026-05-10,71520,27414,194077,309995330.34,5815001.31,13434,571,48.6,1180
ATM_NETWORK,2026-05-10,186944,95562,312647,1291687610.53,25303574.7,18355,931,40.2,1803
CORPORATE_PORTAL,2026-05-10,21925,12393,139924,90460607.48,1616174.01,4047,140,42.8,257
INTERNET_BANKING,2026-05-10,158324,94721,283888,1022556023.11,21413076.27,4965,496,12.0,159
MOBILE_BANKING,2026-05-10,408893,292245,3288723,5770072891.33,108696993.12,35668,1209,0.3,369
POS_TERMINALS,2026-05-10,18249,5633,52205,109093218.53,917559.15,7975,295,297.5,210
USSD_SERVICE,2026-05-10,380970,203409,1321731,4072296503.0,79462855.86,24804,1052,20.8,2811
WALLET_APP,2026-05-10,289824,256189,2220462,2209464315.1,37574710.79,7427,415,1.5,818
AGENT_BANKING,2026-05-11,71785,30361,167612,774922746.73,18601379.98,9205,519,53.1,1006
ATM_NETWORK,2026-05-11,187203,68629,267049,471853629.81,10566720.55,12719,1035,96.8,1421
CORPORATE_PORTAL,2026-05-11,22013,14542,139428,172623223.69,2916943.29,1818,43,38.7,134
INTERNET_BANKING,2026-05-11,158718,112874,669858,2374878627.2,33722324.52,11287,630,13.7,1431
MOBILE_BANKING,2026-05-11,417552,363973,1122381,3193649254.3,52723709.06,10817,1140,13.4,209
POS_TERMINALS,2026-05-11,18066,3737,39527,134890753.03,2442118.44,5796,79,93.7,237
USSD_SERVICE,2026-05-11,382092,252611,2817151,13909032648.34,158366630.08,103692,1129,12.6,3383
WALLET_APP,2026-05-11,292539,215906,1083248,3693661987.25,56980356.89,4182,537,4.4,206
AGENT_BANKING,2026-05-12,71914,26088,91514,35722657.45,542282.64,6808,268,93.7,482
ATM_NETWORK,2026-05-12,189056,101485,497337,777236911.3,19033726.85,23090,2165,56.6,3689
CORPORATE_PORTAL,2026-05-12,22129,11467,56866,59076572.49,1308339.32,770,130,15.5,112
INTERNET_BANKING,2026-05-12,159992,80668,358835,974731429.55,12309724.28,11205,387,23.5,966
MOBILE_BANKING,2026-05-12,423807,349591,3472544,11885788780.48,137942640.47,32583,1211,12.3,1413
POS_TERMINALS,2026-05-12,17874,4683,15557,68275796.88,1383006.57,2564,82,277.3,170
USSD_SERVICE,2026-05-12,385539,263683,669392,2221466754.88,32220674.2,26676,1898,22.1,1319
WALLET_APP,2026-05-12,299387,214159,846188,3027359156.56,31061693.01,1592,316,7.0,208
AGENT_BANKING,2026-05-13,72475,25019,211024,650754926.71,13760647.77,12502,550,68.1,995
ATM_NETWORK,2026-05-13,188449,82249,660863,2287046730.1,42301271.49,33347,1868,74.8,4540
CORPORATE_PORTAL,2026-05-13,22333,13853,95500,219004599.4,1905950.01,3608,155,38.9,216
INTERNET_BANKING,2026-05-13,160525,93998,625187,2720290664.85,22785951.91,16776,762,21.4,790
MOBILE_BANKING,2026-05-13,426853,348401,1743098,4620540030.7,53286160.42,12403,950,14.1,1471
POS_TERMINALS,2026-05-13,17797,5876,68744,170191509.39,4130904.25,6021,160,122.1,442
USSD_SERVICE,2026-05-13,387736,238037,1158817,1507962436.15,13619438.51,31248,2540,39.9,1611
WALLET_APP,2026-05-13,303257,268604,2570882,5455215678.87,81247018.94,12072,652,14.4,1969
AGENT_BANKING,2026-05-14,72239,38522,224726,847067839.85,10478103.62,15044,534,44.8,1708
ATM_NETWORK,2026-05-14,188007,87627,898550,2794615731.53,41235372.41,32808,1818,112.5,5229
CORPORATE_PORTAL,2026-05-14,22567,14979,52122,180514099.86,2800806.74,1297,98,20.0,116
INTERNET_BANKING,2026-05-14,162664,82871,539189,1312775120.89,21576289.11,19842,283,8.2,283
MOBILE_BANKING,2026-05-14,434565,343041,2566792,4161551430.04,88835773.49,29360,1567,10.3,993
POS_TERMINALS,2026-05-14,17629,5305,50124,221985046.24,4672344.86,8643,162,288.5,187
USSD_SERVICE,2026-05-14,389054,249000,1898284,3087385340.89,64707553.05,31455,1062,20.3,2998
WALLET_APP,2026-05-14,305411,218199,2035766,881457799.26,16438783.06,16060,371,7.2,503
AGENT_BANKING,2026-05-15,72185,37623,418422,1886432284.57,16288533.09,12897,794,98.1,3052
ATM_NETWORK,2026-05-15,188545,88486,731847,1227307864.03,9864979.09,25236,1469,95.6,4240
CORPORATE_PORTAL,2026-05-15,22712,14506,104000,331497683.45,5474908.08,1288,98,25.2,301
INTERNET_BANKING,2026-05-15,163813,103767,761633,3023288233.92,42037896.75,19008,727,18.9,1310
MOBILE_BANKING,2026-05-15,443741,383955,4268737,7186233006.93,167610091.48,58857,1488,10.7,4139
POS_TERMINALS,2026-05-15,17642,5451,46749,41850783.58,510884.83,3243,94,94.2,578
USSD_SERVICE,2026-05-15,391082,238805,1029202,2653217232.7,44860086.19,27423,1855,13.2,1355
WALLET_APP,2026-05-15,307044,219828,1222755,3295772832.4,38252514.13,5108,895,7.3,155
AGENT_BANKING,2026-05-16,72032,35535,326689,832815978.73,20041927.23,22344,594,69.0,1643
ATM_NETWORK,2026-05-16,188644,79545,279473,782978990.56,16555219.74,13665,1298,59.0,1161
CORPORATE_PORTAL,2026-05-16,22743,12506,92290,320225705.15,7185980.13,2447,128,31.4,266
INTERNET_BANKING,2026-05-16,166093,93133,1038089,4659673273.23,90079134.81,22742,430,22.0,2359
MOBILE_BANKING,2026-05-16,451880,371999,3055761,8944097307.85,138177012.56,19413,806,14.1,2933
POS_TERMINALS,2026-05-16,17421,4112,12572,44261678.08,600293.67,1398,114,123.9,125
USSD_SERVICE,2026-05-16,393755,278329,2573052,6484258083.55,77294355.48,57829,2119,32.8,3655
WALLET_APP,2026-05-16,310608,225737,1273926,1288503254.14,22730311.04,11003,835,10.0,1219
AGENT_BANKING,2026-05-17,72096,37817,335020,1124552080.07,14018727.4,22630,406,24.3,2011
ATM_NETWORK,2026-05-17,189233,79755,843111,1677252897.8,38406498.56,28449,831,60.6,4924
CORPORATE_PORTAL,2026-05-17,22869,11977,58948,130363643.93,1048556.63,1273,75,21.3,127
INTERNET_BANKING,2026-05-17,166720,87269,574459,1418065063.82,31674447.56,10662,446,35.6,741
MOBILE_BANKING,2026-05-17,460346,338765,3270751,14306133140.23,231726839.82,39846,835,3.4,930
POS_TERMINALS,2026-05-17,17204,1818,7587,32692687.35,376446.87,617,82,213.4,33
USSD_SERVICE,2026-05-17,396002,199843,1739562,8144409098.32,134369477.19,40920,949,34.4,3159
WALLET_APP,2026-05-17,318027,236265,2232929,479943804.59,11246196.25,14607,648,13.2,1319
AGENT_BANKING,2026-05-18,72559,28916,316972,527793373.17,9424474.59,12610,315,76.2,1528
ATM_NETWORK,2026-05-18,189727,66605,662526,2788100823.59,52682461.45,46432,745,22.1,2763
CORPORATE_PORTAL,2026-05-18,22939,11924,109788,211816808.6,3736744.51,2740,102,22.4,299
INTERNET_BANKING,2026-05-18,167776,113564,866319,2653940817.62,36372931.04,22629,464,8.3,1130
MOBILE_BANKING,2026-05-18,466708,370165,2768128,8427934653.92,89832096.41,2907,1041,12.0,1782
POS_TERMINALS,2026-05-18,17178,3883,40707,45806038.52,731211.68,3326,129,254.5,491
USSD_SERVICE,2026-05-18,400805,284116,2076202,2018154945.86,38476110.23,57342,2478,37.8,2194
WALLET_APP,2026-05-18,322707,284940,1904543,8237492252.14,161598569.16,16872,461,2.1,1141
AGENT_BANKING,2026-05-19,73009,25981,119997,360905212.95,6219835.35,5992,590,34.2,289
ATM_NETWORK,2026-05-19,190156,58558,428002,426050322.78,5150323.66,18050,920,111.4,3274
CORPORATE_PORTAL,2026-05-19,23082,12077,44671,159333093.26,2037049.31,850,96,17.5,120
INTERNET_BANKING,2026-05-19,168808,102696,658786,2605640703.03,42147573.45,12665,1145,30.6,1342
MOBILE_BANKING,2026-05-19,476603,424927,3031694,3760139555.79,44803367.01,45442,1599,6.7,698
POS_TERMINALS,2026-05-19,17188,4517,40864,144712311.74,2262389.75,4931,135,128.1,470
USSD_SERVICE,2026-05-19,402379,244638,2080420,3155141886.41,53768007.31,73342,2247,28.7,2508
WALLET_APP,2026-05-19,324782,261567,1304131,1232610063.99,22972138.21,15646,503,13.2,274
AGENT_BANKING,2026-05-20,73595,35381,348126,697208416.68,12411706.7,11535,636,74.5,2631
ATM_NETWORK,2026-05-20,189597,90564,520320,1141605699.46,12063955.74,38153,968,91.5,1961
CORPORATE_PORTAL,2026-05-20,23252,12670,138880,374367287.87,9114532.94,4051,45,10.5,362
INTERNET_BANKING,2026-05-20,170451,102931,1224081,2097309317.99,40522186.99,34292,509,27.9,1477
MOBILE_BANKING,2026-05-20,479578,341535,1771753,964174901.48,19043634.58,2121,430,13.8,475
POS_TERMINALS,2026-05-20,17146,4477,38645,36107914.25,575430.1,2347,189,293.7,157
USSD_SERVICE,2026-05-20,406201,271500,1051255,1270704271.59,29374866.58,22064,1912,31.1,1515
WALLET_APP,2026-05-20,329548,295711,1043503,3848469207.28,31187231.95,14075,918,2.7,776
AGENT_BANKING,2026-05-21,73415,36225,219202,559790168.48,8601337.49,16767,708,105.6,1277
ATM_NETWORK,2026-05-21,188649,92751,984551,1642346665.35,25343337.32,46197,1208,38.3,7233
CORPORATE_PORTAL,2026-05-21,23499,12589,133523,551494547.1,6898509.78,3410,89,28.0,352
INTERNET_BANKING,2026-05-21,171132,103032,536310,2439658451.8,26892572.0,16676,919,15.8,664
MOBILE_BANKING,2026-05-21,484935,391085,2782940,8182519070.76,157183846.32,18796,681,11.2,1143
POS_TERMINALS,2026-05-21,16957,4217,46343,103051915.89,2559213.48,5961,195,150.6,653
USSD_SERVICE,2026-05-21,409024,267643,2472863,2205682655.72,52338639.6,67236,1697,33.4,6147
WALLET_APP,2026-05-21,336446,279569,1419083,544922309.05,5037279.97,10515,1242,5.4,876
AGENT_BANKING,2026-05-22,73851,23733,227114,931444475.36,10108104.65,16721,286,34.2,1601
ATM_NETWORK,2026-05-22,189307,59581,517180,1777653694.01,24826952.6,22311,1003,21.0,3014
CORPORATE_PORTAL,2026-05-22,23748,12327,147747,51281560.93,887985.66,1729,60,21.8,350
INTERNET_BANKING,2026-05-22,171626,103276,1076613,983359777.79,14921968.15,37378,1208,31.1,2067
MOBILE_BANKING,2026-05-22,490762,423194,1718049,6325539220.98,53573036.9,21624,721,3.1,1221
POS_TERMINALS,2026-05-22,16797,5772,43134,198539952.6,3553610.16,6277,171,240.3,213
USSD_SERVICE,2026-05-22,415045,276686,1848399,5998106765.33,92361055.77,63652,2580,32.7,5343
WALLET_APP,2026-05-22,343549,297607,3127736,14576782985.2,153694617.9,14485,1295,0.4,2956
AGENT_BANKING,2026-05-23,73862,24332,193709,682573882.7,9215288.82,9174,455,34.9,512
ATM_NETWORK,2026-05-23,191153,101854,786034,1870157271.38,37937581.98,34317,1601,45.2,4778
CORPORATE_PORTAL,2026-05-23,23826,13000,122990,110919770.15,2356250.28,4405,82,26.4,172
INTERNET_BANKING,2026-05-23,173650,110882,1290287,3893600592.82,66211973.38,41537,949,10.6,3674
MOBILE_BANKING,2026-05-23,495068,355711,2576425,6334047835.47,62378440.9,12813,1668,8.7,480
POS_TERMINALS,2026-05-23,16794,4379,18233,24369170.64,304110.06,3025,74,235.2,188
USSD_SERVICE,2026-05-23,419956,298838,1660111,1884508335.23,37621679.9,39265,1962,28.4,3128
WALLET_APP,2026-05-23,348304,253895,927329,2900882072.05,61839269.02,11980,970,9.9,748
AGENT_BANKING,2026-05-24,73501,33430,104767,62734364.88,1187056.33,7333,809,77.8,713
ATM_NETWORK,2026-05-24,190506,91641,1062744,2150412982.97,23580929.63,52465,1245,31.1,3278
CORPORATE_PORTAL,2026-05-24,23940,14638,136561,481127767.8,8015607.9,5289,64,30.9,401
INTERNET_BANKING,2026-05-24,174021,102030,311042,838205845.37,18822431.47,8143,470,24.7,293
MOBILE_BANKING,2026-05-24,505128,386620,1766963,5543571827.23,81582380.2,25936,837,10.9,738
POS_TERMINALS,2026-05-24,16783,3708,9940,14646736.99,197048.43,895,102,66.3,79
USSD_SERVICE,2026-05-24,421951,218683,2393714,1116692220.1,11318432.03,26277,2173,34.6,3979
WALLET_APP,2026-05-24,353013,254776,2902747,2066290697.51,36180117.96,4772,1137,0.5,1132
